country,cases,deaths,recovered,lat,lon
US,396223,12722,21763,39.099724,-94.578331
Spain,141942,14045,43208,40.4,-3.683333
Italy,135586,17127,24392,41.9,12.483333
France,110065,10343,19523,48.86666667,2.333333
Germany,107663,2016,36081,52.51666667,13.4
China,82718,3335,77410,39.91666667,116.383333
Iran,62589,3872,27039,35.7,51.416667
United Kingdom,55949,6171,325,51.5,-0.083333
Turkey,34109,725,1582,39.93333333,32.866667
Switzerland,22253,821,8704,46.91666667,7.466667
Belgium,22194,2035,4157,50.83333333,4.333333
Netherlands,19709,2108,272,52.35,4.916667
Canada,17872,375,3791,45.41666667,-75.7
Brazil,14034,686,127,-15.78333333,-47.916667
Austria,12639,243,4046,48.2,16.366667
Portugal,12442,345,184,38.71666667,-9.133333
"Korea, South",10331,192,6694,37.55,126.983333
Israel,9248,65,770,31.76666667,35.233333
Sweden,7693,591,205,59.33333333,18.05
Russia,7497,58,494,55.75,37.6
Norway,6086,89,32,59.91666667,10.75
Australia,5895,45,1080,-35.26666667,149.133333
Ireland,5709,210,25,53.31666667,-6.233333
India,5311,150,421,28.6,77.2
Denmark,5266,203,1621,55.66666667,12.583333
Chile,5116,43,898,-33.45,-70.666667
Czechia,5017,88,172,50.08333333,14.466667
Poland,4848,129,191,52.25,21
Romania,4417,197,460,44.43333333,26.1
Pakistan,4035,57,429,33.68333333,73.05
Malaysia,3963,63,1321,3.166666667,101.7
Japan,3906,92,592,35.68333333,139.75
Philippines,3764,177,84,14.6,120.966667
Ecuador,3747,191,100,-0.216666667,-78.5
Luxembourg,2970,44,500,49.6,6.116667
Peru,2954,107,1301,-12.05,-77.05
Saudi Arabia,2795,41,615,24.65,46.7
Indonesia,2738,221,204,-6.166666667,106.816667
Serbia,2447,61,0,44.83333333,20.5
Mexico,2439,125,633,19.43333333,-99.133333
United Arab Emirates,2359,12,186,24.46666667,54.366667
Finland,2308,34,300,60.16666667,24.933333
Thailand,2258,27,888,13.75,100.516667
Panama,2100,55,14,8.966666667,-79.533333
Qatar,2057,6,150,25.28333333,51.533333
Dominican Republic,1956,98,36,18.46666667,-69.9
Greece,1832,81,269,37.98333333,23.733333
Colombia,1780,50,100,4.6,-74.083333
South Africa,1749,13,95,-25.7,28.216667
Argentina,1628,56,338,-34.58333333,-58.666667
Iceland,1586,6,559,64.15,-21.95
Singapore,1481,6,377,1.283333333,103.85
Algeria,1468,193,113,36.75,3.05
Ukraine,1462,45,28,50.43333333,30.516667
Egypt,1450,94,276,30.05,31.25
Croatia,1282,18,167,45.8,16
Morocco,1184,90,93,34.01666667,-6.816667
New Zealand,1160,1,241,-41.3,174.783333
Estonia,1149,21,69,59.43333333,24.716667
Iraq,1122,65,373,33.33333333,44.4
Slovenia,1059,36,102,46.05,14.516667
Moldova,1056,22,40,47,28.85
Lithuania,880,15,8,54.68333333,25.316667
Belarus,861,13,54,53.9,27.566667
Armenia,853,8,87,40.16666667,44.5
Hungary,817,47,71,47.5,19.083333
Bahrain,811,5,458,26.23333333,50.566667
Bosnia and Herzegovina,764,33,68,43.86666667,18.416667
Kuwait,743,1,105,29.36666667,47.966667
Azerbaijan,717,8,44,40.38333333,49.866667
Diamond Princess,712,11,619,35.443707,139.638031
Kazakhstan,697,6,51,51.16666667,71.416667
Cameroon,658,9,43,3.866666667,11.516667
Tunisia,623,23,25,36.8,10.183333
North Macedonia,599,26,30,41.6086349,21.7452755
Slovakia,581,2,13,48.15,17.116667
Bulgaria,577,23,42,42.68333333,23.316667
Lebanon,548,19,62,33.86666667,35.5
Latvia,548,2,16,56.95,24.1
Andorra,545,22,39,42.5,1.516667
Uzbekistan,520,2,30,41.31666667,69.25
Cyprus,494,9,47,35.16666667,33.366667
Costa Rica,483,2,24,9.933333333,-84.083333
Uruguay,424,7,150,-34.85,-56.166667
Afghanistan,423,14,18,34.51666667,69.183333
Cuba,396,11,27,23.11666667,-82.35
Burkina Faso,384,19,127,12.36666667,-1.516667
Albania,383,22,131,41.31666667,19.816667
Taiwan,376,5,57,25.03333333,121.516667
Oman,371,2,67,23.61666667,58.583333
Jordan,353,6,138,31.95,35.933333
Cote d'Ivoire,349,3,41,6.816666667,-5.266667
Honduras,305,22,6,14.1,-87.216667
Malta,293,0,5,35.88333333,14.5
Ghana,287,5,31,5.55,-0.216667
San Marino,279,34,40,43.93333333,12.416667
Niger,278,11,26,13.51666667,2.116667
Mauritius,268,7,8,-20.15,57.483333
West Bank and Gaza,261,1,42,32,35.3833
Nigeria,254,6,44,9.083333333,7.533333
Vietnam,249,0,123,21.03333333,105.85
Montenegro,241,2,4,42.43333333,19.266667
Senegal,237,2,105,14.73333333,-17.633333
Kyrgyzstan,228,4,33,42.86666667,74.6
Georgia,196,3,46,41.68333333,44.833333
Bolivia,194,14,2,-16.5,-68.15
Sri Lanka,185,6,42,6.916666667,79.833333
Congo (Kinshasa),180,18,9,-4.322447,15.307045
Kenya,172,6,7,-1.283333333,36.816667
Kosovo,170,4,24,42.66666667,21.166667
Venezuela,165,7,65,10.48333333,-66.866667
Bangladesh,164,17,33,23.71666667,90.4
Guinea,144,0,5,9.5,-13.7
Brunei,135,1,85,4.5352769,114.7276688
Paraguay,115,5,15,-25.26666667,-57.666667
Cambodia,115,0,58,11.55,104.916667
Trinidad and Tobago,107,8,1,10.65,-61.516667
Rwanda,105,0,7,-1.95,30.05
Djibouti,90,0,9,11.58333333,43.15
Madagascar,88,0,7,-18.91666667,47.516667
Monaco,79,1,4,43.73333333,7.416667
Liechtenstein,78,1,55,47.13333333,9.516667
El Salvador,78,4,5,13.7,-89.2
Guatemala,77,3,17,14.61666667,-90.516667
Togo,65,3,23,6.116666667,1.216667
Barbados,63,3,6,13.1,-59.616667
Jamaica,63,3,8,18,-76.8
Mali,56,5,12,12.65,-8
Ethiopia,52,2,4,9.033333333,38.7
Uganda,52,0,0,0.316666667,32.55
Congo (Brazzaville),45,5,2,-4.2661,15.2832
Zambia,39,1,7,-15.41666667,28.283333
Bahamas,33,6,5,25.08333333,-77.35
Guinea-Bissau,33,0,0,11.85,-15.583333
Guyana,33,5,8,6.8,-58.15
Eritrea,31,0,0,15.33333333,38.933333
Gabon,30,1,1,0.383333333,9.45
Benin,26,1,5,6.483333333,2.616667
Haiti,25,1,0,18.53333333,-72.333333
Tanzania,24,1,5,-6.8,39.283333
Burma,22,1,0,23.353149,93.56031
Libya,20,1,1,32.88333333,13.166667
Antigua and Barbuda,19,1,0,17.11666667,-61.85
Maldives,19,0,13,4.166666667,73.5
Syria,19,2,3,33.5,36.3
Angola,17,2,2,-8.833333333,13.216667
Namibia,16,0,3,-22.56666667,17.083333
Equatorial Guinea,16,0,3,3.75,8.783333
Fiji,15,0,0,-18.13333333,178.416667
Mongolia,15,0,4,47.91666667,106.916667
Dominica,15,0,1,15.3,-61.4
Sudan,14,2,2,15.6,32.533333
Liberia,14,3,3,6.3,-10.8
Saint Lucia,14,0,1,14,-61
Laos,14,0,0,17.96666667,102.6
Grenada,12,0,0,12.05,-61.75
Seychelles,11,0,0,-4.616666667,55.45
Saint Kitts and Nevis,11,0,0,17.3,-62.716667
Zimbabwe,11,2,0,-17.81666667,31.033333
Eswatini,10,0,4,-26.497616,31.355667
Suriname,10,1,0,5.833333333,-55.166667
Chad,10,0,2,12.1,15.033333
Mozambique,10,0,1,-25.95,32.583333
Nepal,9,0,1,27.71666667,85.316667
MS Zaandam,9,2,0,52.442039,4.829199
Saint Vincent and the Grenadines,8,0,1,13.13333333,-61.216667
Central African Republic,8,0,0,4.366666667,18.583333
Somalia,8,0,1,2.066666667,45.333333
Malawi,8,1,0,-13.96666667,33.783333
Cabo Verde,7,1,1,14.93152,-23.51254
Belize,7,1,0,17.25,-88.766667
Holy See,7,0,0,41.9,12.45
Sierra Leone,6,0,0,8.483333333,-13.233333
Botswana,6,1,0,-24.63333333,25.9
Mauritania,6,1,2,18.06666667,-15.966667
Nicaragua,6,1,0,12.13333333,-86.25
Bhutan,5,0,2,27.46666667,89.633333
Western Sahara,4,0,0,27.153611,-13.203333
Gambia,4,1,2,13.4527397,-16.5780296
Sao Tome and Principe,4,0,0,0.333333333,6.733333
Burundi,3,0,0,-3.366666667,29.35
Papua New Guinea,2,0,0,-9.45,147.183333
South Sudan,2,0,0,4.85,31.616667
Timor-Leste,1,0,0,-8.583333333,125.6
